time,hexPayload
2021-06-14T04:11:19.358Z,9f00001379
2021-06-14T04:11:22.991Z,8a0000137a
2021-06-14T04:12:21.958Z,800000137b
2021-06-14T04:13:21.958Z,770000137c
2021-06-14T04:14:21.959Z,980000137d
2021-06-14T04:15:21.953Z,9e0000137e
2021-06-14T04:16:21.953Z,800000137f
2021-06-14T04:21:24.994Z,9900001380
2021-06-14T04:26:28.069Z,8900001381
2021-06-14T04:31:29.246Z,7f00001382
2021-06-14T04:36:32.314Z,a000001383
2021-06-14T04:36:33.493Z,6f00001384
2021-06-14T04:41:36.577Z,9200001385
2021-06-14T04:46:09.897Z,7100001386
2021-06-14T04:47:10.582Z,8600001387
2021-06-14T04:48:10.571Z,a500001388
2021-06-14T04:49:10.574Z,6c00001389
2021-06-14T04:50:10.574Z,8f0000138a
2021-06-14T04:51:10.574Z,850000138b
2021-06-14T04:52:10.563Z,6e0000138c
2021-06-14T04:53:10.567Z,810000138d
2021-06-14T04:54:10.567Z,a50000138e
2021-06-14T04:55:10.559Z,7f0000138f
2021-06-14T04:56:10.559Z,7700001390